Strain,Gene,Drug,Position,Ref_Allele,Alt_Allele
CCDC5079,rpoB,Rifampicin,763031,T,C
CCDC5079,katG,Isoniazid,2154724,C,A
CCDC5079,pncA,Pyrazinamide,2288983,T,C
CCDC5180,rpoB,Rifampicin,760789,C,A
CCDC5180,rpoB,Rifampicin,761155,C,T
CCDC5180,rpoB,Rifampicin,763031,T,C
CCDC5180,katG,Isoniazid,2154724,C,A
CCDC5180,katG,Isoniazid,2155169,T,C
CCDC5180,inhA,Isoniazid,1673425,C,T
CCDC5180,pncA,Pyrazinamide,2289231,A,G
F11,rpoB,Rifampicin,761155,C,T
F11,katG,Isoniazid,2155168,C,G
KZN1435,rpoB,Rifampicin,761109,G,T
KZN1435,rpoB,Rifampicin,761266,A,G
KZN1435,katG,Isoniazid,2155168,C,G
KZN1435,inhA,Isoniazid,1673432,T,A
KZN1435,pncA,Pyrazinamide,2288847,C,G
RGTB327,rpoB,Rifampicin,760707,G,A
RGTB327,rpoB,Rifampicin,761155,C,T
RGTB327,katG,Isoniazid,2155168,C,G
